-- MySQL dump 10.13  Distrib 8.0.44, for Linux (x86_64)
--
-- Host: localhost    Database: eswunb
-- ------------------------------------------------------
-- Server version	8.0.44-0ubuntu0.24.04.2

/*!40101 SET @OLD_CHARACTER_SET_CLIENT=@@CHARACTER_SET_CLIENT */;
/*!40101 SET @OLD_CHARACTER_SET_RESULTS=@@CHARACTER_SET_RESULTS */;
/*!40101 SET @OLD_COLLATION_CONNECTION=@@COLLATION_CONNECTION */;
/*!50503 SET NAMES utf8mb4 */;
/*!40103 SET @OLD_TIME_ZONE=@@TIME_ZONE */;
/*!40103 SET TIME_ZONE='+00:00' */;
/*!40014 SET @OLD_UNIQUE_CHECKS=@@UNIQUE_CHECKS, UNIQUE_CHECKS=0 */;
/*!40014 SET @OLD_FOREIGN_KEY_CHECKS=@@FOREIGN_KEY_CHECKS, FOREIGN_KEY_CHECKS=0 */;
/*!40101 SET @OLD_SQL_MODE=@@SQL_MODE, SQL_MODE='NO_AUTO_VALUE_ON_ZERO' */;
/*!40111 SET @OLD_SQL_NOTES=@@SQL_NOTES, SQL_NOTES=0 */;

--
-- Table structure for table `administrador_estagio`
--

DROP TABLE IF EXISTS `administrador_estagio`;
/*!40101 SET @saved_cs_client     = @@character_set_client */;
/*!50503 SET character_set_client = utf8mb4 */;
CREATE TABLE `administrador_estagio` (
  `telegram_id` varchar(45) NOT NULL,
  PRIMARY KEY (`telegram_id`)
) ENGINE=InnoDB DEFAULT CHARSET=utf8mb4 COLLATE=utf8mb4_0900_ai_ci;
/*!40101 SET character_set_client = @saved_cs_client */;

--
-- Dumping data for table `administrador_estagio`
--

LOCK TABLES `administrador_estagio` WRITE;
/*!40000 ALTER TABLE `administrador_estagio` DISABLE KEYS */;
INSERT INTO `administrador_estagio` VALUES ('498325878'),('757482713');
/*!40000 ALTER TABLE `administrador_estagio` ENABLE KEYS */;
UNLOCK TABLES;

--
-- Table structure for table `orientador_estagio`
--

DROP TABLE IF EXISTS `orientador_estagio`;
/*!40101 SET @saved_cs_client     = @@character_set_client */;
/*!50503 SET character_set_client = utf8mb4 */;
CREATE TABLE `orientador_estagio` (
  `id` int NOT NULL AUTO_INCREMENT,
  `nome` varchar(100) DEFAULT NULL,
  `disponivel` tinyint DEFAULT NULL,
  `total_alunos_ativos` int DEFAULT NULL,
  `indisponivel_inicio` date DEFAULT NULL,
  `indisponivel_fim` date DEFAULT NULL,
  `email` varchar(100) DEFAULT NULL,
  `contato` varchar(50) DEFAULT NULL,
  `sexo` varchar(1) DEFAULT NULL,
  `ativo` int DEFAULT NULL,
  PRIMARY KEY (`id`)
) ENGINE=InnoDB AUTO_INCREMENT=20 DEFAULT CHARSET=utf8mb4 COLLATE=utf8mb4_0900_ai_ci;
/*!40101 SET character_set_client = @saved_cs_client */;

--
-- Dumping data for table `orientador_estagio`
--

LOCK TABLES `orientador_estagio` WRITE;
/*!40000 ALTER TABLE `orientador_estagio` DISABLE KEYS */;
INSERT INTO `orientador_estagio` VALUES (1,'Cristiane Soares Ramos',1,13,NULL,NULL,'cristianesramos@unb.br',NULL,'F',0),(2,'Daniel Sundfeld Lima',1,18,'2026-01-01','2026-01-28','daniel.sundfeld@unb.br','Telegram @danielsundfeld','M',1),(3,'Edson Alves da Costa Junior',1,15,'2025-12-29','2026-02-13','edsonalves@unb.br',NULL,'M',1),(4,'Fernando William Cruz',1,13,'2026-01-01','2026-02-03','fwcruz@unb.br',NULL,'M',1),(5,'George Marsicano Correa',0,16,'2026-02-06','2026-03-06','georgemarsicano@unb.br',NULL,'M',1),(6,'Henrique Gomes de Moura',1,17,'2026-01-01','2026-01-27','hgmoura@unb.br','WhatsApp +55 61 99698-6360','M',1),(7,'John Lenon Cardoso Gardenghi',1,18,'2026-01-30','2026-02-06','john.gardenghi@unb.br','Telegram @johngardenghi','M',1),(8,'Mauricio Serrano',1,19,'2025-12-15','2026-02-04','serrano@unb.br',NULL,'M',1),(9,'Milene Serrano',1,12,'2025-12-15','2026-02-04','mileneserrano@unb.br',NULL,'F',1),(10,'Ricardo Ajax Dias Kosloski',1,24,'2026-01-16','2026-03-04','ricardoajax@unb.br',NULL,'M',1),(11,'Matheus Bernardini de Souza',1,14,'2025-12-29','2026-01-30','matheusbernardini@unb.br','Telegram @M_Bernardini','M',1),(12,'Vinicius de Carvalho Rispoli',1,15,'2025-12-27','2026-01-31','rispolivc@gmail.com','WhatsApp +55 61 99161-4745','M',1),(13,'Mario de Oliveira Andrade',1,18,'2025-12-29','2026-02-14','marioand@unb.br',NULL,'M',1),(14,'Ricardo Matos Chaim',1,12,'2025-10-01','2026-03-31','rmchaim@gmail.com','WhatsApp +55 61 99114-7801','M',1),(15,'Elaine Venson',1,12,NULL,NULL,'elainevenson@unb.br','Teams Elaine Venson','F',1),(16,'Sérgio Antônio Andrade de Freitas',0,10,NULL,NULL,'sergiofreitas@unb.br',NULL,'M',1),(17,'Wytler Cordeiro dos Santos',1,10,'2026-01-08','2026-02-10','wytler.cordeiro@unb.br','Telegram @Wytler','M',1),(18,'Fabiano Araujo Soares',1,9,'2026-01-08','2026-02-01','fabianosoares@unb.br','WhatsApp +55 61 99966-9700','M',1),(19,'Glauco Vitor Pedrosa',1,4,NULL,NULL,'glauco.pedrosa@unb.br',NULL,'M',0);
/*!40000 ALTER TABLE `orientador_estagio` ENABLE KEYS */;
UNLOCK TABLES;

--
-- Table structure for table `solicitacao_estagio`
--

DROP TABLE IF EXISTS `solicitacao_estagio`;
/*!40101 SET @saved_cs_client     = @@character_set_client */;
/*!50503 SET character_set_client = utf8mb4 */;
CREATE TABLE `solicitacao_estagio` (
  `id` int NOT NULL AUTO_INCREMENT,
  `orientador` int DEFAULT NULL,
  `aluno` varchar(100) DEFAULT NULL,
  `telegram_id` varchar(45) DEFAULT NULL,
  `data_hora` datetime DEFAULT NULL,
  `email_aluno` varchar(50) DEFAULT NULL,
  `telefone_aluno` varchar(20) DEFAULT NULL,
  PRIMARY KEY (`id`),
  KEY `orientador_estagio_idx` (`orientador`),
  CONSTRAINT `orientador_estagio` FOREIGN KEY (`orientador`) REFERENCES `orientador_estagio` (`id`)
) ENGINE=InnoDB AUTO_INCREMENT=233 DEFAULT CHARSET=utf8mb4 COLLATE=utf8mb4_0900_ai_ci;
/*!40101 SET character_set_client = @saved_cs_client */;

--
-- Dumping data for table `solicitacao_estagio`
--

LOCK TABLES `solicitacao_estagio` WRITE;
/*!40000 ALTER TABLE `solicitacao_estagio` DISABLE KEYS */;
INSERT INTO `solicitacao_estagio` VALUES (5,4,'Maria Clara Sena de Lima','1251142634','2025-04-16 20:04:31',NULL,NULL),(6,12,'Thales Duarte Alcantara de Oliveira','859280497','2025-04-17 12:01:12',NULL,NULL),(7,11,'Teste','498325878','2025-04-22 21:06:36',NULL,NULL),(8,11,'Bruna Vitoria de Lima Liberal','1837587537','2025-04-23 15:25:59',NULL,NULL),(9,12,'Rafael Silva Wasconcelos','498325878','2025-04-23 19:55:52',NULL,NULL),(10,12,'/','841762998','2025-04-24 11:20:44',NULL,NULL),(11,11,'Eduardo Silva Waski','5919890063','2025-04-25 14:59:46',NULL,NULL),(12,13,'Leonardo Henrique Sobral Sauma Junior','1308951800','2025-04-25 18:24:40',NULL,NULL),(13,11,'Carlos Eduardo Rodrigues','1723869906','2025-04-25 22:36:32',NULL,NULL),(14,13,'Victor Hugo dos Santos Bernardes','1684979047','2025-04-28 10:47:03',NULL,NULL),(15,11,'Felipe Amorim de Araújo','5640694907','2025-04-28 20:43:04',NULL,NULL),(16,14,'Cayo Felipe Alencar Câmara','5564042369','2025-04-30 13:48:17',NULL,NULL),(17,13,'Wengel Rodrigues Farias','6251926014','2025-05-03 12:24:20',NULL,NULL),(19,14,'Johan Marcos Gomes da Rocha','1042109428','2025-05-05 12:07:04',NULL,NULL),(20,13,'Ana Luíza Rodrigues da Silva','1946158759','2025-05-05 13:54:55',NULL,NULL),(21,12,'Lucas','910258468','2025-05-07 18:00:06',NULL,NULL),(22,13,'Karla Chaiane','1085418777','2025-05-07 19:22:51',NULL,NULL),(23,12,'Luciano Ricardo da Silva Junior','5853215384','2025-05-12 12:27:05',NULL,NULL),(24,14,'Maria Clara Oleari de Araujo','1114563290','2025-05-12 13:04:02',NULL,NULL),(25,11,'Samara','961360105','2025-05-12 18:31:25',NULL,NULL),(26,14,'Rayene Ferreira Almeida','1812187993','2025-05-13 09:57:55',NULL,NULL),(27,12,'Isadora Quaresma Oliveira','5086673139','2025-05-14 11:07:55',NULL,NULL),(28,13,'Isaque Colem Bastos de Quental','1827066011','2025-05-14 18:18:49',NULL,NULL),(29,11,'Julia Vitória Freire Silva','1501696850','2025-05-15 13:25:34',NULL,NULL),(30,12,'Julia Oliveira Patricio','6318325744','2025-05-15 16:51:54',NULL,NULL),(31,11,'Giovana','1085160887','2025-05-15 21:04:28',NULL,NULL),(32,13,'José Victor Gabriel Menezes da Costa','6413670825','2025-05-16 09:41:22',NULL,NULL),(33,14,'Mateus Orlando Medeiros Ribeiro','2019737354','2025-05-16 10:44:17',NULL,NULL),(34,14,'Kaleb de Souza Macedo','498325878','2025-05-20 16:54:49',NULL,NULL),(35,11,'Esther Sena Martins','5198484290','2025-05-21 11:50:12',NULL,NULL),(36,13,'Harryson Campos Martins','1627830287','2025-05-21 15:11:29',NULL,NULL),(37,14,'Diego Carlito Rodrigues de Souza','1070895507','2025-05-23 08:13:12',NULL,NULL),(38,13,'André Ricardo Meyer de Melo','7554775888','2025-05-23 18:06:35',NULL,NULL),(39,11,'Nicolas Coqueiro Almeida de Freitas','7297698286','2025-05-28 16:28:44',NULL,NULL),(40,13,'Guilherme Meister Correa','1782444352','2025-05-29 16:28:48',NULL,NULL),(41,11,'Arthur Carneiro Trindade','5708802635','2025-06-02 18:06:42',NULL,NULL),(42,14,'Letícia Kellen Ramos Paiva','5092757612','2025-06-03 09:48:01',NULL,NULL),(43,12,'Vitor Pereira Bessa','979215975','2025-06-04 13:17:53',NULL,NULL),(44,13,'Mateus de Siqueira Silva','6517046027','2025-06-05 10:15:55',NULL,NULL),(45,14,'Evellyn de Sousa Rocha','6513057484','2025-06-05 17:15:46',NULL,NULL),(46,11,'Miguel','1917500613','2025-06-07 02:16:30',NULL,NULL),(47,12,'Luiza Maluf Amorim','1586523012','2025-06-09 12:09:34',NULL,NULL),(48,11,'Rodrigo Carvalho dos Santos','737485839','2025-06-11 11:13:55',NULL,NULL),(49,13,'Emivalto da Costa Tavares Junior','855663941','2025-06-11 14:39:34',NULL,NULL),(50,13,'Breno Soares Fernandes','498325878','2025-06-13 16:02:51',NULL,NULL),(51,14,'Milena Fernandes Rocha','5750020543','2025-06-20 14:33:50',NULL,NULL),(52,9,'Beatriz Vieira Nascimento','1948127760','2025-06-23 16:50:10',NULL,NULL),(53,10,'Arthur Fernandes Alencar','7643920319','2025-06-24 18:49:23',NULL,NULL),(54,12,'João Pedro Silva Sousa','5413982237','2025-06-25 10:52:09',NULL,NULL),(55,11,'Guilherme Gusmão Nepomuceno','1938219159','2025-06-26 10:57:34',NULL,NULL),(56,2,'Edson Alves','757482713','2025-06-26 13:20:39',NULL,NULL),(57,8,'Ana Júlia Mendes Santos','1534609014','2025-06-26 15:08:39',NULL,NULL),(58,10,'Heitor Macedo Ricardo','2111557532','2025-06-26 17:48:11',NULL,NULL),(59,2,'Lorenzo de Lima Alves dos Santos','1883997367','2025-07-02 14:09:06',NULL,NULL),(60,13,'Weslley Alves de Barros','1641991752','2025-07-02 14:46:11',NULL,NULL),(61,9,'Cláudio Henrique dos Santos Carvalho','1053371666','2025-07-07 22:17:55',NULL,NULL),(62,4,'Mariiana Siqueira Neris','1055534983','2025-07-08 10:23:45',NULL,NULL),(63,14,'Lucas Gama De Araujo Bottino','1993327302','2025-07-08 19:39:57',NULL,NULL),(64,12,'Gabriel Dantas Bevilaqua Mendes','7415006380','2025-07-09 15:59:46',NULL,NULL),(65,1,'Thales Duarte Alcântara de Oliveira','859280497','2025-07-11 18:12:06',NULL,NULL),(66,6,'Lucas Mateus Teixeira de Souza','5870513905','2025-07-13 20:41:09',NULL,NULL),(67,8,'Carlos Gabriel Cardoso Ramos','1339732957','2025-07-14 21:57:21',NULL,NULL),(68,14,'Letícia Kellen Ramos Paiva','5092757612','2025-07-15 19:55:50',NULL,NULL),(69,4,'Vinícius de Souza Nogueira Reis','6249639516','2025-07-15 22:07:01',NULL,NULL),(70,11,'Davi Araújo Bady Casseb','661209798','2025-07-17 21:17:09',NULL,NULL),(71,8,'Arthur de Lima Sobreira','5817792599','2025-07-18 20:23:38',NULL,NULL),(72,6,'Winícius de Sousa Sales','6407968945','2025-07-19 13:27:30',NULL,NULL),(73,13,'Luara Cristiana','5944175774','2025-07-22 10:24:58',NULL,NULL),(74,2,'Vinicius Angelo de Brito Vieira','907416962','2025-07-22 14:49:08',NULL,NULL),(75,9,'Yan Werlley de Freitas Paulo','2104348408','2025-07-28 08:47:10',NULL,NULL),(76,12,'Felipe Lopes Pedroza','1258730680','2025-07-29 13:25:19',NULL,NULL),(77,6,'Renan Camara de Oliveira Farias','6884206410','2025-07-29 19:22:52',NULL,NULL),(78,13,'Danilo César Tertuliano Melo','5144984012','2025-07-30 17:41:13',NULL,NULL),(85,9,'John Lenon (estou apenas testando)','498325878','2025-07-31 11:14:01','john.gardenghi@unb.br','31078918'),(86,12,'Carlos Henrique de Souza Bispo','1559814222','2025-07-31 14:40:42','carlos_-425@hotmail.com','61994479856'),(87,12,'Brenda Maria Cavalcante Chaves Vasco','1297873410','2025-08-01 15:31:59','cavalcante.brendam@gmail.com','61986521373'),(88,12,'Igor e Silva Penha','1404406609','2025-08-05 14:06:18','Igor.penharol@gmail.com','61 98423-6604'),(89,7,'Daniel Ferreira Santos Rabelo','1239401425','2025-08-06 15:13:51','Danielferreirasantosd12@gmail.com','61985612116'),(90,7,'Victor Hugo Rodrigues Guimarães','1865966621','2025-08-08 08:56:35','211063256@aluno.unb.br','61984143595'),(91,2,'Amanda De Moura Da Silva','1026090859','2025-08-11 06:23:39','221022220@aluno.unb.br','61995006221'),(92,12,'Caio Lacerda Moreira Teixeira','1269844011','2025-08-11 15:28:20','caiolacerdamt@gmail.com','61998610708'),(93,11,'Fabio Santos Araujo','5221022896','2025-08-13 09:55:43','fabioofonteles1@gmail.com','61 98170-2694'),(94,14,'Guilherme Oliveira Monteiro','5766905569','2025-08-14 16:43:48','Gui.oliveira.monteiro@gmail.com','61992036360'),(95,2,'Gabriel Santos Pinto','1168098171','2025-08-14 17:18:10','gabrielsants@gmail.com','61 98211-2312'),(96,13,'Leonardo Alves Bezerra','5742459298','2025-08-16 18:21:52','leonardoalvesbezerra@gmail.com','61982650328'),(97,3,'Renata Quadros','1469134394','2025-08-17 17:45:27','rekurzawa28@gmail.com','61996948884'),(98,10,'Maria Fernanda Guimarães Alves','1661187015','2025-08-18 08:49:39','fernandaalvess.unb@gmail.com','61994144877'),(99,8,'Gabriel Marques de Souza','7209876620','2025-08-18 11:55:40','gabriel.marquesdesouza.02@gmail.com','61 983167403'),(100,4,'Matheus do Vale Lameira','7717736887','2025-08-19 10:47:43','Mvlameira@gmail.com','61999298384'),(101,1,'Rafael Brian Lins Gonçalves','990902590','2025-08-20 10:07:57','rafaelsunnylins@gmail.com','61984498870'),(102,8,'Davi de Araujo Campelo','8248401891','2025-08-20 14:00:12','daviaraujobr@gmail.com','61985309996'),(103,10,'Caio Magalhães Lamego','1202887601','2025-08-21 12:07:25','caio.lamego04@gmail.com','(61) 99932-1404'),(104,11,'Ana Carolina Madeira Fialho','1136968434','2025-08-21 13:33:27','anacarolinamfialho@gmail.com','62 981090611'),(105,2,'Bruno Martins Valério Bomfim','1501222897','2025-08-22 01:53:23','bruno.martval@gmail.com','61982797803'),(106,3,'Júlio César Martins França','1676569724','2025-08-22 17:45:27','juliomartins.se@gmail.com','62984650635'),(107,14,'Ana Beatriz Norberto da Silva','1301064187','2025-08-23 10:05:40','norbertoana16@gmail.com','61993223663'),(108,2,'Pedro Luciano de Azevedo','1155263017','2025-08-23 14:20:50','azevedlpedro@gmail.com','61991660759'),(109,10,'Cecília Ernesto Silva Quaresma','5767617134','2025-08-26 10:35:27','ceciquaresma2014@gmail.com','(61)993717384'),(110,3,'Arthur Evangelista de Oliveira','2051171098','2025-08-27 13:55:21','Arthurevangelista05@gmail.com','61982857405'),(111,1,'Esdras de Sousa Nogueira','2040694084','2025-08-27 14:16:08','esdras2307@gmail.com','61 996345979'),(112,14,'Marina Agostini Galdi','6132366304','2025-08-27 15:15:19','Marina.agostini.galdi@gmail.com','61999089368'),(113,4,'Pedro Lopes da Cunha','1243063182','2025-08-28 15:39:14','pedro.lopess.2001@gmail.com','61 999395131'),(114,11,'Ana Beatriz Ferreira dos Santos','1452366426','2025-08-29 05:56:48','anna.bf.santos1@gmail.com','61 99987-6908'),(115,1,'Guilherme Brito de Souza','5147859405','2025-08-29 12:22:41','guilhermebritodesouza2308@gmail.com','(61) 992687701'),(116,11,'Matheus Costa Gomes','979619727','2025-08-30 10:26:18','costa.suetam8@gmail.com','61982452930'),(117,10,'Breno Yuri Barbosa Gomes','1589629255','2025-09-01 14:37:43','brenoyuribg@gmail.com','61991061770'),(118,13,'Filipe Carvalho da Silva','1689869186','2025-09-01 15:44:39','002.f1l1p3@gmail.com','61998137043'),(119,5,'Bruno Oliveira Lima','1743413190','2025-09-02 10:31:02','brunooliveira.unb@gmail.com','61984672415'),(120,4,'Mateus Fidelis Marinho Maia','902706130','2025-09-02 13:04:19','mateusfidelis.43@gmail.com','62999114262'),(121,6,'Luis Henrique Luz Costa','1676060658','2025-09-02 14:15:10','luishenrrique34@gmail.com','61992617646'),(122,2,'Ângelo Araujo Cordova','6274000687','2025-09-04 15:03:33','angelocordova.dev@gmail.com','+55 (61) 99646-4573'),(123,8,'Nathan Benigno Pônce de Abreu','6795703913','2025-09-04 15:57:42','nathan11.abreu@gmail.com','61991257849'),(124,2,'Júlia Sant\'Anna de Souza','1540093419','2025-09-06 12:42:11','juliasantanna.souza@gmail.com','61 984546169'),(125,13,'Gabriel Henrique Rodrigues de Lima','1518018606','2025-09-10 09:15:13','ghrl2003@gmail.com','61 98191-9897'),(126,9,'João Pedro Ferreira Alves','1783766875','2025-09-10 10:17:20','jp1792464@gmail.com','61995122442'),(127,1,'Mayara Marques Silva','1945427611','2025-09-10 14:34:22','mayarafacex@gmail.com','61 98418-8181'),(128,11,'Jésus Gabriel Carvalho Ventura','2027349659','2025-09-10 22:51:33','jgabrielcv1903@gmail.com','61 994304352'),(129,5,'Alberto Côrtes Cavalcante','7188898599','2025-09-11 13:09:24','cortes.alberto06@gmail.com','61995700188'),(130,2,'João Victor da Costa Cruz','7178186475','2025-09-11 20:18:15','Joaovictor323444@gmail.com','61995749093'),(131,1,'Kathlyn Lara Murussi','7719809556','2025-09-12 17:33:11','klmurussi@hotmail.com','61992189292'),(132,5,'Elias Faria de Oliveira','1577108700','2025-09-15 16:24:42','eliasoliveiradapaz@gmail.com','61992364789'),(133,9,'joao victor da costa cruz','5021464582','2025-09-16 22:14:03','joaovictor323444@gmail.com','61995749093'),(134,8,'Ígor Veras Daniel','1344487046','2025-09-17 12:05:59','igor.veras.daniel@gmail.com','61 98229-8641'),(135,12,'Beatriz Brandão Fidelis Batista','7769667954','2025-09-17 13:46:51','beatrizbfb@icloud.com','(61)985147915'),(136,6,'Daniel Nunes Duarte','1141732691','2025-09-17 17:39:46','danielnunes.dnd2@gmail.com','61995219636'),(137,13,'Anna Julia Aparecida Silva Primo','6503217383','2025-09-17 19:30:52','annajuliaprimo@gmail.com','(61)994509039'),(138,14,'Giovanni Dornelas Ferreira','5844507469','2025-09-18 14:13:00','giovannidornelasf@gmail.com','61991698137'),(139,4,'Julia Gabriela Cunha Paulino','6710185596','2025-09-19 09:21:35','221029230@aluno.unb.br','62 999720160'),(140,11,'João Pedro Soares Cotrim','7883593387','2025-09-19 09:33:58','jpsoarescotrim@gmail.com','+55 61 992262052'),(141,2,'Paulo Emanuel Mendes Amorim','1433127258','2025-09-19 11:44:33','232022086@aluno.unb.br','61981311940'),(142,6,'Arthur da Silveira Sousa','1624601974','2025-09-23 12:19:43','Arthurssousa2004@gmail.com','61993754393'),(143,1,'Davi Gonçalves Akegawa Pierre','5227466966','2025-09-23 20:27:37','190105071@aluno.unb.br','61992566150'),(144,14,'Paulo Henrique Melo de Souza','5536827227','2025-09-24 12:34:08','melopaulo210@gmail.com','61992787696'),(145,4,'Júlia Santana Campos','7936061348','2025-09-25 13:35:04','julia.04.camposs@gmail.com','61993500062'),(146,9,'Yasmin Dayrell Albuquerque','1568077151','2025-09-26 11:50:37','yasmindayrell1@gmail.com','61996246646'),(147,5,'Emivalto da Costa Tavares Junior','855663941','2025-09-26 14:22:58','emivalto14@gmail.com','61992029473'),(148,5,'Gabriel','1168098171','2025-09-26 20:41:02','gabrielsants@gmail.com','61 982112312'),(149,8,'Daniel','897096653','2025-09-27 11:13:37','email@email.com','99999999999'),(150,14,'Emivalto da Costa Tavares Júnior','1446310346','2025-09-30 10:36:54','180100271@aluno.unb.br','61992029473'),(151,4,'Pedro Arthur Rodrigues Almeida','5414134952','2025-09-30 14:29:04','parthur.rodrigues06@gmail.com','61991709506'),(152,2,'Lucas Rodrigues Monteiro','698212879','2025-09-30 17:41:48','monteiro9961@gmail.com','61996288925'),(153,1,'Gabriel Lima da Silva','5199310133','2025-10-01 15:10:48','gabriel58221@gmail.com','61992632007'),(154,11,'João Lucas Reolon Cabral','1768128567','2025-10-01 15:57:35','joaolucascab@gmail.com','61981825205'),(155,8,'Maria Eduarda Barbosa Santos','1502946227','2025-10-01 16:48:04','m4dud01@gmail.com','61981490998'),(156,13,'Ludmila Aysha Oliveira Nunes','6570766720','2025-10-03 08:45:34','231026750@aluno.unb.br','61982853898'),(157,6,'Felipe Matheus Ribeiro Lopes','2026117267','2025-10-04 16:18:42','femathrl@gmail.com','61 996568438'),(158,9,'Vinicius Edwardo Pereira Oliveira','1319694113','2025-10-06 14:19:33','viniciusoliv26@gmail.com','91991178558'),(159,11,'Amanda Cruz Lima','1964408741','2025-10-07 13:03:58','amandacruzlima.ac@gmail.com','61982785709'),(160,5,'João Marcos Moraes de Andrade','1391755005','2025-10-09 12:16:32','andramas.10@gmail.com','61993156004'),(161,6,'Arthur Rodrigues de Castro','5998416563','2025-10-09 14:08:46','arthur.castrodf@hotmail.com','61986218482'),(162,6,'Douglas Wilson Vieira dos Santos','5252995616','2025-10-10 15:21:47','wdouglas939@gmail.com','(61) 991764236'),(163,13,'Rafael Ferreira Leandro','863574708','2025-10-13 13:35:54','rafaelworks32@gmail.com','981346799'),(164,1,'João Igor Pereira da Costa','1668672858','2025-10-16 08:03:15','joaoigorpereira@gmail.com','61983335353'),(165,2,'Enzo Fernandes Borges','7214593258','2025-10-17 14:31:42','borgesf.enzo@gmail.com','61982976501'),(166,11,'Sophia','1080097801','2025-10-17 21:02:12','Sophiasouza901@gmail.com','61982606252'),(167,5,'Maria Laura Regis Cabral Dias','6584251055','2025-10-20 18:00:25','marialauraregi@gmail.com','61983340009'),(168,8,'Larissa de Jesus Vieira','5440819014','2025-10-22 10:26:05','221022050@aluno.unb.br','61992212415'),(169,4,'Eliabe Alves de Castro','7123134688','2025-10-22 19:24:17','eliabealves07@gmail.com','61981019504'),(170,1,'Alexandre Vilar Valadares Fonsêca','1202803279','2025-10-23 12:37:39','xandevilar.vf@gmail.com','61 99932-8396'),(171,9,'chora na tora','5109451688','2025-10-24 09:04:35','choranatora@gmail.com','61999999999'),(172,11,'Camile Barbosa Gonzaga de Oliveira','5615679696','2025-10-28 16:42:47','camilebarbosa.c1@gmail.com','61 99552-5698'),(173,8,'Arthur Henrique Vieira','5549420456','2025-10-28 20:47:57','vieiraarthur130@gmail.com','61 986045333'),(174,5,'Nathan','1195566744','2025-10-29 10:29:29','lunathanbat@gmail.com','61984921244'),(175,4,'Rafael Fernandes Amancio','1448492352','2025-10-29 10:35:01','190036940@aluno.unb.br','61982084223'),(176,13,'Philipe Barbosa de Morais','1376028637','2025-10-30 16:13:46','liperapltda@gmail.com','61992852075'),(177,6,'Luiz Felipe de Oliveira Machado','5522713136','2025-11-04 11:25:36','luiz.felipe0709@gmail.com','61999962984'),(178,12,'João Gabriel Gomes Carvalho Soares','1513015848','2025-11-07 16:13:09','Jobegomes10@gmail.com','61986214280'),(179,1,'Daniel Rodrigues Nascimento','5848449089','2025-11-07 18:40:42','danrodrigues1920@gmail.com','61999999038'),(180,13,'Davi Lima Queiroz','5840917219','2025-11-11 09:28:54','davilqdavi@gmail.com','61995640173'),(181,8,'Manoela Silvestre Garcia Chaves','1127033816','2025-11-11 14:32:51','manoela.sgc@gmail.com','61981199559'),(182,18,'Thiago Viriato Accioly','2037024434','2025-11-12 11:00:55','Do sigaa ou do estágio?','61995954663'),(183,11,'Cristiano fonseca de Assis','7256261606','2025-11-12 12:28:12','cristianofdeassis@gmail.com','61995910914'),(184,16,'Arthur Fernandes Silva de Jesus','1839132016','2025-11-13 15:35:43','arthurfsjesus@gmail.com','61 985997985'),(185,17,'Pedro Gois Marques Monteiro','5416320033','2025-11-17 16:37:51','222026386@aluno.unb.br','61985601432'),(186,18,'Laryssa Felix Ribeiro Lopes','6263488270','2025-11-18 14:59:36','felixllaryssa@gmail.com','61 996568760'),(187,16,'Diógenes Dantas Lélis Júnior','867229933','2025-11-19 18:50:39','diogjunior100@hotmail.com','86999108399'),(188,16,'Julia Vitoria Freire Silva','1501696850','2025-11-24 14:38:37','211031083@aluno.unb.br','61999350743'),(189,18,'Renan dos Santos Ribeir','1957175552','2025-11-24 20:01:10','adadd','adada'),(190,17,'Gabriel Alves de Araujo','7152866684','2025-11-26 11:02:50','g.alvesdearaujo06@gmail.com','61 984697666'),(191,17,'Gabriel Alexandroni Cordova de Sousa','1768190274','2025-11-26 14:48:36','gaalexandroni@gmail.com','61992131701'),(192,18,'Matheus Ribeiro Szervinsk','6391453292','2025-11-26 15:21:47','mathszer1103@gmail.com','61982193662'),(193,16,'Letícia Torres Soares Martins','1956043970','2025-11-28 13:07:25','Leticiats@outlook.com','61998483456'),(194,17,'Leandro de Almeida Oliveira','8247453133','2025-11-28 15:22:48','211030827@aluno.unb.br','61992221047'),(195,18,'Ana Carolina Madeira Fialho','1136968434','2025-12-01 10:18:28','anacarolinamfialho@gmail.com','62 981090611'),(196,16,'Larissa de Jesus Vieira','5440819014','2025-12-02 10:56:35','221022050@aluno.unb.br','(61)99221-2415'),(197,16,'Gabriel Basto Bertolazi','1875030867','2025-12-03 14:42:30','Gabriel.basto.bertolazi@gmail.com','(61) 999981685'),(198,17,'Henrique Camelo Quenino','5124219717','2025-12-03 17:02:52','henrique.quenino@aluno.unb.br','61 9 93236535'),(199,18,'Thiago Gomes Pereira de Abreu','1096058248','2025-12-04 15:21:26','thiagogomesabreu01@gmail.com','61992192079'),(200,16,'Luís Gustavo Lopes Oliveira','1265155531','2025-12-07 18:31:48','luisgustavol.o.lg10@gmail.com','61986831240'),(201,18,'Raquel Temóteo Eucaria Pereira da Costa','1211410989','2025-12-09 15:48:09','Raqueleucaria@gmail.com','61998666929'),(202,17,'Bruno César Oliveira Nascimento','5483725333','2025-12-10 09:32:09','brunnnojampa@gmail.com','6198284-6217'),(203,15,'Giovana','1085160887','2025-12-15 13:10:03','Barbosagiovana11@gmail.com','62984591880'),(204,17,'Tales Rodrigues Gonçalves','5675782912','2025-12-16 13:34:13','talesrodriguesgoncalves98@gmail.com','61986386912'),(205,15,'Henrique Albuquerque Pinto Portela','1075878652','2025-12-16 17:06:30','232014253@aluno.unb.br','61992554124'),(206,18,'Douglas Marinho Martins','5243405170','2025-12-18 17:51:00','dmmartins.dm28@gmail.com','61995878906'),(207,16,'Nicollas Gabriel Oliveira Sousa','6876056872','2025-12-19 16:30:20','nicollason@gmail.com','6198316342'),(208,17,'Lucas Martins Gabriel','910258468','2025-12-29 18:49:33','lucasmartinsgabriel@gmail.com','61993738770'),(209,18,'Leonardo de Melo Lima','1991037676','2026-01-02 14:47:41','222037700@aluno.unb.br','994434776'),(210,17,'Gustavo','6461325237','2026-01-06 10:45:30','guguisnm2004@gmail.com','61975039510'),(211,18,'José Luiz Barros Faria','6196591303','2026-01-06 13:15:04','joseluiz.13051@gmail.com','21990671867'),(212,17,'Thiago Alencar de Oliveira','1401409600','2026-01-07 15:08:28','thiagooliveira1403@gmail.com','61982127982'),(213,18,'João Artur','5592442082','2026-01-07 17:57:19','Jalxpinheiro@gmail.com','61984697262'),(214,10,'Brenda Beatriz Maciel da Silva','5148909917','2026-01-08 15:04:51','contatobrendabeatriz@gmail.com','61 998918114'),(215,10,'Gabriel Campello Marques','5754822098','2026-01-09 12:00:46','gabrielcampello2002@gmail.com','(61) 99909-3919'),(216,10,'Maria Eduarda de Amorim Galdino','6049196939','2026-01-09 18:30:49','amorim.mria@gmail.com','61982740696'),(217,10,'Manuella Dal Bianco Perlin Almeida','1129561285','2026-01-10 14:18:55','perlinmanuella@gmail.com','999137357'),(218,10,'Cowboy Aquino','72158913','2026-01-13 15:16:28','aquino@hotmail.com','6199999999'),(219,10,'Mateus Henrique Santos de Mello','2099610180','2026-01-13 16:48:49','tchaumateu11@gmail.com','61994507309'),(220,10,'Johnny da Ponte Lopes','2064189463','2026-01-15 11:49:50','Johnnypontelopes@gmail.com','61 999990046'),(221,10,'Paulo Henrique Lamounier Dantas','1281043587','2026-01-15 13:13:25','pauloamino76@gmail.com','61981563664'),(222,10,'Luiz Felipe de Sá Naves Peixoto','1030164535','2026-01-15 16:05:05','luizfelipenaves123@gmail.com','(61) 991497521'),(223,10,'Mariana Pereira da Silva','1651952616','2026-01-15 16:46:31','marianapereiras94@gmail.com','61985820057'),(224,10,'Eduardo Henrique Colacio de Sales','5833199262','2026-01-15 19:30:00','Eduardohcs2004@gmail.com','61982875167'),(225,10,'Enzo Menali Vettorato Toledo','6824674238','2026-01-15 22:29:40','enzomenali@gmail.com','61 982938255'),(226,19,'Daniel Ferreira','498325878','2026-01-16 17:09:02','Boa tarde','cancel'),(227,5,'John','498325878','2026-01-19 14:24:29','É só um teste','1'),(228,5,'sus','6503045743','2026-01-19 14:31:26','exit','ola'),(229,5,'Yasmin Moreira do Nascimento','1417127128','2026-01-19 15:23:51','Yasmin.mn4@gmail.com','61999188155'),(230,16,'Camila Costa de Souza Careli','5511177626','2026-01-22 10:17:47','camilascareli@gmail.com','61986781703'),(231,16,'Edilson Ribeiro da Cruz Junior','498325878','2026-01-22 11:59:59','junior.edilson@aluno.unb.br','Não informado'),(232,5,'Marcus Vinícius Paiva Martins','1173395042','2026-01-23 11:27:17','paiva.marcus@aluno.unb.br','(61) 98330-4785');
/*!40000 ALTER TABLE `solicitacao_estagio` ENABLE KEYS */;
UNLOCK TABLES;
/*!40103 SET TIME_ZONE=@OLD_TIME_ZONE */;

/*!40101 SET SQL_MODE=@OLD_SQL_MODE */;
/*!40014 SET FOREIGN_KEY_CHECKS=@OLD_FOREIGN_KEY_CHECKS */;
/*!40014 SET UNIQUE_CHECKS=@OLD_UNIQUE_CHECKS */;
/*!40101 SET CHARACTER_SET_CLIENT=@OLD_CHARACTER_SET_CLIENT */;
/*!40101 SET CHARACTER_SET_RESULTS=@OLD_CHARACTER_SET_RESULTS */;
/*!40101 SET COLLATION_CONNECTION=@OLD_COLLATION_CONNECTION */;
/*!40111 SET SQL_NOTES=@OLD_SQL_NOTES */;

-- Dump completed on 2026-01-26 18:05:36
